run,species,density,location_m,status_def,time_elapse_min,hei_cm,leaf_num,dia_mm,root_length_cm,above_g,below_g,sed_diff_cm
6,cottonwood,sparse,16.15,dl,46,9.5,29,1.98,28.5,0.47,0.29,6.058123
6,cottonwood,sparse,16.15,dl,46,13,41,2.08,36,0.75,0.41,6.058123
6,cottonwood,sparse,16.15,dl,43,15,17,2.7,9.5,0.24,0.08,15.395558
6,cottonwood,sparse,16.4,dl,40,22,70,3,13,0.68,0.35,5.907812
6,cottonwood,sparse,16.4,dl,40,17,43,2.7,15,0.25,0.4,5.907812
6,cottonwood,sparse,16.4,dl,48,30.5,35,2.5,27,0.67,0.33,5.290617
6,cottonwood,sparse,16.4,dl,94,37,50,3.7,37,1.51,0.76,15.135781
6,cottonwood,sparse,16.8,dl,117,34,56,3.88,47,1.72,0.86,17.280759
6,cottonwood,sparse,16.8,dl,60,22,11,2,17,0.4,0.2,13.32737
6,cottonwood,sparse,16.8,dl,63,18,10,1.6,25.5,0.27,0.2,12.105848
6,cottonwood,sparse,16.8,dl,50,11,3,1.1,13,0.12,0.23,7.757677
6,cottonwood,sparse,17.05,dl,55,19.5,35,2.94,17.5,0.63,0.54,5.454269
6,cottonwood,sparse,17.05,dl,76,15.5,16,1.94,5,0.21,0.07,7.171195
6,cottonwood,sparse,17.05,dl,,19.5,30,2.35,26,0.55,0.43,16.97398
6,cottonwood,sparse,17.35,dl,52,23,98,3.46,35,1.84,1.62,6.485987
6,cottonwood,sparse,17.35,rm,,25,89,4.06,31,1.64,0.94,16.335707
6,cottonwood,sparse,17.35,dl,87,9.5,8,2.25,7.5,0.11,0.13,8.796805
6,cottonwood,sparse,17.7,dl,80,14.5,52,2.7,45,1.32,0.55,14.703545
6,cottonwood,sparse,17.7,dl,135,25,24,2.2,18,0.44,0.31,12.240883
6,cottonwood,sparse,17.7,dl,112,13,9,2.1,21,0.2,0.22,11.818895
6,cottonwood,sparse,18,dl,47,12,22,1.92,23,0.27,0.2,6.159494
6,cottonwood,sparse,18,dl,40,21,14,4.48,10.5,0.76,0.16,3.101741
6,cottonwood,sparse,18,rm,,20,37,3.3,28,0.67,0.43,16.69284
6,cottonwood,sparse,18.3,rm,,36.5,78,2.38,43,0.73,0.45,13.432328
6,cottonwood,sparse,18.3,rm,,25,66,4.14,37,1.96,0.87,13.432328
6,cottonwood,sparse,18.3,rm,,27,33,2.02,31,0.55,0.31,13.432328
6,cottonwood,sparse,18.3,dl,,14,4,2.7,9.5,0.22,0.1,13.432328
6,cottonwood,sparse,18.65,dl,44,9.5,33,2.2,16.5,0.29,0.23,10.151118
6,cottonwood,sparse,18.65,dl,87,11,31,2,16,0.26,0.17,12.022707
6,cottonwood,sparse,18.65,rm,,28.5,84,3.95,38,2.41,1.39,14.554202
6,cottonwood,sparse,18.65,rm,,26,63,2.56,41,1.31,0.72,14.554202
6,cottonwood,sparse,18.95,dl,60,33,65,6.38,50,2.6,2.06,9.420906
6,cottonwood,sparse,18.95,rm,,21.5,59,2.32,34,0.68,0.32,16.483085
6,cottonwood,sparse,18.95,rm,,19,31,2.26,25,0.44,0.17,16.483085
6,cottonwood,sparse,18.95,rm,,18.5,25,1.92,22,0.36,0.09,16.483085
6,cottonwood,sparse,19.3,br,,25,74,4,33,1.79,0.72,12.344556
6,cottonwood,sparse,19.55,rm,,23,72,5.2,37,1.21,0.37,12.982533
6,cottonwood,sparse,19.55,rm,,20,85,3.2,39,1.57,0.97,12.982533
6,cottonwood,sparse,19.55,dl,108,17,34,2.5,26,0.96,0.73,9.326367
6,cottonwood,sparse,19.55,dl,43,14,5,3.6,10.5,0.22,0.11,8.010338
6,cottonwood,sparse,19.85,dl,106,16.5,31,2.14,30.5,0.65,0.31,14.76849
6,cottonwood,sparse,19.85,dl,105,35,44,3.15,40.5,1.58,0.86,14.76849
6,cottonwood,sparse,20.15,rm,,27.5,49,2.2,30,0.79,0.39,17.908376
6,cottonwood,sparse,20.15,dl,,25,20,2.31,11,0.46,0.25,17.908376
6,cottonwood,sparse,20.15,dl,107,27,74,3.88,35,1.72,0.87,12.929774
6,cottonwood,sparse,20.15,dl,107,19,114,3.78,42,1.99,1.1,12.929774
6,cottonwood,sparse,20.45,dl,71,28.5,61,3.4,30,1.1,0.43,15.762759
6,cottonwood,sparse,20.45,dl,115,15.5,17,2.22,16,0.31,0.1,11.802033
6,cottonwood,sparse,20.45,dl,,19,33,2.24,12,0.44,0.19,17.415706
6,cottonwood,sparse,20.45,rm,,20,27,2.52,30,0.62,0.34,17.415706
6,cottonwood,sparse,20.75,dl,72,30,39,3,40.5,0.74,0.33,16.001731
6,cottonwood,sparse,20.75,dl,76,25,17,2.3,10,0.34,0.06,6.242426
6,cottonwood,sparse,20.75,br,,25,107,4.62,34,2.65,1.13,16.001731
6,cottonwood,sparse,20.75,br,,23,19,7.17,27,1.78,1.44,16.001731
6,cottonwood,sparse,21.15,dl,73,20,62,2.56,25.5,0.88,0.36,22.098162
6,cottonwood,sparse,21.15,br,,21,43,1.8,34,0.56,0.24,22.098162
6,cottonwood,sparse,21.15,br,,29,61,4.7,44,1.8,1.2,22.098162
6,cottonwood,sparse,21.4,dl,76,16.5,0,2.2,15,0.16,0.07,18.180516
6,cottonwood,sparse,21.4,rm,,21,63,3.01,24,0.89,0.24,19.474638
6,cottonwood,sparse,21.4,br,,25,50,2.1,30,0.51,0.4,19.474638
6,cottonwood,sparse,21.7,dl,78,20,27,1.9,31,0.32,0.5,19.981467
6,cottonwood,sparse,21.7,dl,78,24,37,2.5,44,0.67,0.33,19.981467
6,cottonwood,sparse,21.7,br,,23,83,2.38,33,0.88,0.42,19.981467
6,cottonwood,sparse,22,dl,83,25,16,2.7,28,0.54,0.29,13.51169
6,cottonwood,sparse,22,dl,134,8,31,1,15,,,7.073381
7,cottonwood,sparse,16.15,dl,33,53,48,6.65,27,2.78,1.08,14.214857
7,cottonwood,sparse,16.15,dl,33,42,17,3.6,17,1.09,0.38,14.214857
7,cottonwood,sparse,16.15,dl,90,61,113,6.9,36,4.19,2.31,19.050602
7,cottonwood,sparse,16.15,dl,88,42,112,6.7,28,2.87,1.19,18.430093
7,cottonwood,sparse,16.4,dl,53,69,127,11.95,58,9.54,3.65,17.052145
7,cottonwood,sparse,16.4,dl,53,58,109,5.8,39,3.1,1.48,17.052145
7,cottonwood,sparse,16.4,dl,95,49,55,4.95,31,2.26,1.26,18.38162
7,cottonwood,sparse,16.4,dl,92,56,125,5.35,47,2.85,2.96,18.506846
7,cottonwood,sparse,16.8,dl,56,47,93,4.6,32,2.1,0.92,11.394267
7,cottonwood,sparse,16.8,dl,56,71,145,10.6,50,9.38,3.42,11.394267
7,cottonwood,sparse,16.8,dl,95,56,66,4.1,33,2.4,1,15.076193
7,cottonwood,sparse,16.8,dl,95,61,103,8.1,45,5.23,3.09,15.076193
7,cottonwood,sparse,17.05,dl,66,51,48,4.45,32,2.94,1.72,18.857219
7,cottonwood,sparse,17.05,dl,66,56,56,5.1,38,3.24,1.92,18.857219
7,cottonwood,sparse,17.05,dl,145,60,97,7.6,35,5.45,2.48,19.317926
7,cottonwood,sparse,17.05,dl,145,59,102,6.6,44,4.37,2.24,19.317926
7,cottonwood,sparse,17.35,dl,66,58,178,4,40,3.52,1.93,11.820083
7,cottonwood,sparse,17.35,rm,,47,39,3.7,25,2.26,0.82,19.417421
7,cottonwood,sparse,17.35,rm,,62,94,4.8,53,3.75,1.53,19.417421
7,cottonwood,sparse,17.35,rm,,44,52,4.9,40,2.01,0.69,19.417421
7,cottonwood,sparse,17.7,dl,72,38,28,3.6,40,2.13,1.29,13.827331
7,cottonwood,sparse,17.7,dl,72,43,126,4.8,39,2.8,1.43,13.827331
7,cottonwood,sparse,17.7,rm,,43,46,5.4,33,1.83,1.29,19.068398
7,cottonwood,sparse,17.7,rm,,42,56,5.3,31,2.4,1.05,19.068398
7,cottonwood,sparse,18,dl,76,42,60,3.95,40,1.81,1.12,16.321806
7,cottonwood,sparse,18,dl,76,71,189,8.3,55,8.31,5.03,16.321806
7,cottonwood,sparse,18,rm,,58,180,7.7,38,5.29,2.6,15.396261
7,cottonwood,sparse,18,rm,,53,126,10.4,40,6.13,2.32,15.396261
7,cottonwood,sparse,18.3,dl,139,45.5,56,4.8,30,1.73,1.2,7.804634
7,cottonwood,sparse,18.3,dl,79,66,65,4.2,39,2.04,1.32,13.220207
7,cottonwood,sparse,18.3,rm,,46,76,7.3,37,3.32,1.66,13.220207
7,cottonwood,sparse,18.3,rm,,52,77,4.5,35,2.41,1.15,13.220207
7,cottonwood,sparse,18.65,dl,87,57,111,4.2,31,2.45,0.96,10.11751
7,cottonwood,sparse,18.65,dl,87,49,22,3.2,23,0.97,0.63,10.11751
7,cottonwood,sparse,18.65,rm,,61,17,8.7,45,5.01,2.28,13.348628
7,cottonwood,sparse,18.65,rm,,69,124,4.6,29,3.66,1.69,13.348628
7,cottonwood,sparse,18.95,dl,88,44,34,4.1,20,1.03,0.43,13.933628
7,cottonwood,sparse,18.95,dl,88,47,104,5,35,2,1.59,13.933628
7,cottonwood,sparse,18.95,rm,,70,91,8.2,43,5.7,2.69,13.933628
7,cottonwood,sparse,18.95,rm,,56,116,6,42,3.53,1.77,13.933628
7,cottonwood,sparse,19.3,dl,91,46,85,3.2,39,1.78,1.1,14.651207
7,cottonwood,sparse,19.3,dl,91,68,107,6.65,53,3.78,2.58,14.651207
7,cottonwood,sparse,19.3,rm,,67,75,4.9,46,3.49,1.44,14.969571
7,cottonwood,sparse,19.3,br,,47,115,5.1,32,2.35,0.99,14.969571
7,cottonwood,sparse,19.55,rm,,48,60,3.3,28,1.4,0.39,13.889737
7,cottonwood,sparse,19.55,rm,,53,78,4.9,31,2.52,1,13.889737
7,cottonwood,sparse,19.55,br,,55,30,4.6,26,2.25,1.82,13.889737
7,cottonwood,sparse,19.85,rm,,55,181,6.3,38,4.65,3.38,10.541718
7,cottonwood,sparse,19.85,rm,,45,100,4.4,27,2.56,1.64,10.541718
7,cottonwood,sparse,19.85,rm,,55,69,7.9,35,2.88,1.03,10.541718
7,cottonwood,sparse,19.85,rm,,68,93,8.3,32,5.76,2.27,10.541718
7,cottonwood,sparse,20.15,rm,,50,26,6.4,35,2.06,1.23,11.034699
7,cottonwood,sparse,20.15,rm,,49,78,8.8,47,4.72,2.18,11.034699
7,cottonwood,sparse,20.15,br,,44,48,4.8,27,1.46,0.43,11.034699
7,cottonwood,sparse,20.15,br,,44,87,4.5,28,2.45,1.71,11.034699
7,cottonwood,sparse,20.45,br,,55,50,5.6,28,2.4,1.6,11.761568
7,cottonwood,sparse,20.45,br,,48,113,5.45,28,2.07,1.35,11.761568
7,cottonwood,sparse,20.45,rm,,64,81,4.95,40,3.03,1.8,11.761568
7,cottonwood,sparse,20.45,rm,,45,71,4.45,37,1.67,1.22,11.761568
7,cottonwood,sparse,20.75,br,,45,63,4.5,34,1.23,0.53,10.142947
7,cottonwood,sparse,20.75,rm,,37,92,4.1,20,2.26,0.97,10.142947
7,cottonwood,sparse,20.75,rm,,53,66,8.3,28,4.08,1.43,10.142947
7,cottonwood,sparse,20.75,rm,,50,96,5.4,57,3.48,2.53,10.142947
7,cottonwood,sparse,21.15,rm,,53,185,6.05,40,4.46,1.97,10.529307
7,cottonwood,sparse,21.15,rm,,51,86,4.8,50,4.04,1.81,10.529307
7,cottonwood,sparse,21.15,rm,,63,105,7.3,42,7.7,2.4,10.529307
7,cottonwood,sparse,21.15,rm,,54,98,6.3,38,4.09,1.81,10.529307
7,cottonwood,sparse,21.4,br,,58,69,4.98,50,1.75,1.27,7.92165
7,cottonwood,sparse,21.4,dl,72,57,124,4.6,23,2.61,0.84,4.020861
7,cottonwood,sparse,21.4,rm,,58,87,5,52,2.46,1.41,7.92165
7,cottonwood,sparse,21.4,rm,,55,206,6.7,51,4.22,2.24,7.92165
7,cottonwood,sparse,21.7,rm,,56,88,6.3,39,3.71,1.29,7.808866
7,cottonwood,sparse,21.7,rm,,52,175,7.3,42,4.45,2.15,7.808866
7,cottonwood,sparse,21.7,rm,,37,58,5,40,2.24,1.45,7.808866
7,cottonwood,sparse,21.7,rm,,53,178,6,42,5.24,2.82,7.808866
7,cottonwood,sparse,22,rm,,56,72,5.06,40,2.76,1.34,9.206668
7,cottonwood,sparse,22,rm,,63,61,7.3,42,,,9.206668
7,cottonwood,sparse,22,rm,,49,116,5,60,2.11,1.46,9.206668
7,cottonwood,sparse,22,rm,,47,105,5.3,37,2.59,1.19,9.206668
8,tamarisk,sparse,16.15,dl,39,11,,4.4,23,1.14,0.61,5.721117
8,tamarisk,sparse,16.15,dl,29,10,,2.52,10,0.3,0.43,10.28814
8,tamarisk,sparse,16.15,dl,64,30,,5.66,34,6.9,3.18,6.716298
8,tamarisk,sparse,16.15,dl,64,21,,3.82,20,2.24,0.59,6.716298
8,tamarisk,sparse,16.4,dl,55,15,,4.52,22,2.2,0.6,6.458163
8,tamarisk,sparse,16.4,dl,55,14,,6.64,35,1.62,0.76,6.458163
8,tamarisk,sparse,16.4,dl,55,18,,7.1,38,3,0.91,6.458163
8,tamarisk,sparse,16.4,dl,94,38,,12.84,45,7.44,3.83,10.793426
8,tamarisk,sparse,16.4,dl,94,27,,12.8,47,8.3,5.52,10.793426
8,tamarisk,sparse,16.8,dl,25,18,,4.26,14,1.84,0.39,1.619822
8,tamarisk,sparse,16.8,dl,56,14,,4.72,31,0.93,0.36,5.499143
8,tamarisk,sparse,16.8,dl,95,27,,6.98,35,6.93,1.73,9.922397
8,tamarisk,sparse,16.8,dl,95,12,,2.66,38,1.55,0.85,9.922397
8,tamarisk,sparse,17.05,dl,70,33,,6.86,49,11.94,6.42,8.257481
8,tamarisk,sparse,17.05,dl,70,24,,2.88,35,1.26,0.9,8.257481
8,tamarisk,sparse,17.05,rm,,19,,6.14,29,2.06,1.43,17.396741
8,tamarisk,sparse,17.05,dl,76,14,,7.7,22,1.1,0.43,7.915031
8,tamarisk,sparse,17.35,rm,,28,,12.82,50,11.38,6.04,17.197242
8,tamarisk,sparse,17.35,rm,,21,,6.58,48,5.23,2.72,17.197242
8,tamarisk,sparse,17.35,dl,33,31,,4.98,17,1.2,1.34,3.170274
8,tamarisk,sparse,17.35,dl,103,26,,7.8,42,3.08,2.18,9.701179
8,tamarisk,sparse,17.7,dl,76,38,,3.82,12,1.22,0.69,6.396762
8,tamarisk,sparse,17.7,dl,76,25,,3.28,26,0.41,0.42,6.396762
8,tamarisk,sparse,17.7,rm,,43,,10.18,43,4.7,1.65,19.599249
8,tamarisk,sparse,17.7,rm,,18,,11.6,43,4.74,1.87,19.599249
8,tamarisk,sparse,18,rm,,21,,6.64,45,4.75,0.98,16.333074
8,tamarisk,sparse,18,rm,,37,,5.12,26,2.66,0.75,16.333074
8,tamarisk,sparse,18,rm,,29,,6.96,48,6.89,1.34,16.333074
8,tamarisk,sparse,18.3,rm,,44,,10.2,61,12.4,3.47,13.860996
8,tamarisk,sparse,18.3,dl,81,7,,5.04,11,0.4,0.4,5.771525
8,tamarisk,sparse,18.3,rm,,16,,8.7,39,1.86,0.81,13.860996
8,tamarisk,sparse,18.3,br,,10,,5.6,20,1.08,0.38,13.860996
8,tamarisk,sparse,18.65,rm,,35,,5.58,39,5.19,2.29,16.20863
8,tamarisk,sparse,18.65,rm,,15,,7,28,2.26,0.83,16.20863
8,tamarisk,sparse,18.65,rm,,30,,6.38,47,6.06,2.61,16.20863
8,tamarisk,sparse,18.95,rm,,33,,6.86,41,5.13,2.4,16.504946
8,tamarisk,sparse,18.95,rm,,25,,5.7,42,5.33,2.11,16.504946
8,tamarisk,sparse,18.95,br,,31,,3.38,29,2.89,1.6,16.504946
8,tamarisk,sparse,19.3,rm,,39,,3.04,31,0.95,0.71,14.624143
8,tamarisk,sparse,19.3,dl,84,26,,1.76,36,0.23,0.15,14.624143
8,tamarisk,sparse,19.3,br,,32,,4.55,18,0.94,0.48,14.624143
8,tamarisk,sparse,19.3,dl,66,36,,2.2,51,0.58,0.2,4.86118
8,tamarisk,sparse,19.55,br,,39,,5.5,57,7.52,3.52,12.75253
8,tamarisk,sparse,19.55,rm,,8,,8.48,20,1.42,0.81,12.75253
8,tamarisk,sparse,19.55,rm,,26,,6.56,48,7.09,2.14,12.75253
8,tamarisk,sparse,19.55,rm,,24,,2.6,16,0.94,0.27,12.75253
8,tamarisk,sparse,19.85,rm,,32,,2.08,23,7.2,2.09,12.756788
8,tamarisk,sparse,19.85,rm,,22,,6.34,37,,,12.756788
8,tamarisk,sparse,19.85,rm,,36,,2.68,44,0.81,0.42,12.756788
8,tamarisk,sparse,19.85,dl,61,27,,6.66,13,4.62,0.86,4.112965
8,tamarisk,sparse,20.15,rm,,33,,8.76,54,9.17,3.19,10.166909
8,tamarisk,sparse,20.15,rm,,13,,5.9,20,1.15,0.39,10.166909
8,tamarisk,sparse,20.15,rm,,26,,10.12,49,9.1,3.17,10.166909
8,tamarisk,sparse,20.15,br,,13,,2.9,24,0.43,0.58,10.166909
8,tamarisk,sparse,20.45,rm,,31,,8.02,37,4.43,2.16,11.11535
8,tamarisk,sparse,20.45,rm,,26,,5.62,47,5.75,2.56,11.11535
8,tamarisk,sparse,20.45,rm,,22,,3.74,37,1.82,3.83,11.11535
8,tamarisk,sparse,20.45,dl,89,15,,9.48,19,1.25,0.95,11.11535
8,tamarisk,sparse,20.75,rm,,31,,2.28,16,0.48,0.23,9.30587
8,tamarisk,sparse,20.75,dl,159,20,,4.84,23,1.05,1.07,5.006194
8,tamarisk,sparse,20.75,rm,,20,,4.02,34,0.97,0.98,9.30587
8,tamarisk,sparse,20.75,br,,23,,3.22,26,0.34,0.38,9.30587
8,tamarisk,sparse,21.15,dl,159,28,,3,23,1.04,0.42,4.206647
8,tamarisk,sparse,21.15,dl,97,21,,1.84,16,0.36,0.22,3.784788
8,tamarisk,sparse,21.15,br,,27,,3.7,16,0.79,0.36,9.019828
8,tamarisk,sparse,21.15,dl,103,18,,3,23,0.48,0.32,6.543258
8,tamarisk,sparse,21.4,rm,,41,,2.2,31,0.63,0.58,9.115511
8,tamarisk,sparse,21.4,dl,96,32,,3.74,24,0.86,0.49,4.662756
8,tamarisk,sparse,21.4,dl,98,16,,3.66,17,1.17,0.63,6.985222
8,tamarisk,sparse,21.7,rm,,14,,5.68,41,2.43,1.05,10.708845
8,tamarisk,sparse,21.7,dl,99,41,,1.96,36,0.56,0.33,5.831727
8,tamarisk,sparse,21.7,dl,99,19,,2.38,20,0.71,0.37,5.831727
8,tamarisk,sparse,22,dl,99,26,,1.96,14,0.43,0.21,4.961595
8,tamarisk,sparse,22,dl,99,19,,2.04,15,0.23,0.16,4.961595
8,tamarisk,sparse,22,dl,61,15,,2.64,49,0.3,0.23,3.368419
8,tamarisk,sparse,22,rm,,11,,2.48,13,0.22,0.29,8.144794
10,cottonwood,dense,18,dl,120,29,41,3.06,29,0.87,0.73,9.687069
10,cottonwood,dense,18,dl,120,24,59,3.64,44,,,9.687069
10,cottonwood,dense,18,dl,120,35,25,2.92,29,1.29,0.64,9.687069
10,cottonwood,dense,18,rm,,39,48,3.1,33,1.72,0.98,9.687069
10,cottonwood,dense,18,rm,,21,40,3,21,0.93,0.22,9.687069
10,cottonwood,dense,18,rm,,31,45,3.7,36,1.21,0.85,9.687069
10,cottonwood,dense,18.3,rm,,30,53,2.4,35,1.03,0.63,9.860927
10,cottonwood,dense,18.3,rm,,25,50,3.2,29,,,9.860927
10,cottonwood,dense,18.3,rm,,36,74,3.3,38,1.54,0.91,9.860927
10,cottonwood,dense,18.3,rm,,29,42,3.2,25,1.1,0.43,9.860927
10,cottonwood,dense,18.3,rm,,30,64,5.1,36,2.16,1.66,9.860927
10,cottonwood,dense,18.3,rm,,28,89,3.6,37,1.39,0.98,9.860927
10,cottonwood,dense,18.65,rm,,31,119,5,44,2.59,2.11,8.796461
10,cottonwood,dense,18.65,rm,,31,31,3.7,38,1.25,0.94,8.796461
10,cottonwood,dense,18.65,rm,,38,79,3.6,45,2.39,1.61,8.796461
10,cottonwood,dense,18.65,rm,,24,38,2.2,36,0.82,0.29,8.796461
10,cottonwood,dense,18.65,rm,,25,59,3,36,0.82,0.39,8.796461
10,cottonwood,dense,18.65,rm,,20,24,3.3,32,0.76,0.42,8.796461
10,cottonwood,dense,18.95,rm,,12,18,2.6,30,0.39,0.45,9.843311
10,cottonwood,dense,18.95,rm,,21,55,3.6,36,1.02,0.9,9.843311
10,cottonwood,dense,18.95,rm,,37,68,4.3,54,2.45,4.86,9.843311
10,cottonwood,dense,18.95,rm,,23,12,2.3,37,0.38,0.3,9.843311
10,cottonwood,dense,18.95,rm,,37,65,4.3,35,2.14,0.68,9.843311
10,cottonwood,dense,16.15,dl,134,41,37,5.6,34.5,2.06,1.38,15.309034
10,cottonwood,dense,16.15,dl,134,30.5,63,3.92,39,1.75,0.71,15.309034
10,cottonwood,dense,16.15,dl,134,25.5,23,2.94,23.5,0.56,0.28,15.309034
10,cottonwood,dense,16.15,dl,134,25,35,2.46,30,0.55,0.29,15.309034
10,cottonwood,dense,16.15,dl,134,34.5,89,4.76,35,2.37,1.35,15.309034
10,cottonwood,dense,16.15,dl,134,37,74,4.16,33.5,2.57,1.41,15.309034
10,cottonwood,dense,16.4,dl,134,32,23,3.34,33,0.87,0.41,10.789496
10,cottonwood,dense,16.4,dl,134,33,16,3.42,28.5,1.15,0.85,10.789496
10,cottonwood,dense,16.4,dl,134,37,62,3.64,30,1.41,1.04,10.789496
10,cottonwood,dense,16.4,rm,,23,25,2.6,22,0.48,0.26,12.381566
10,cottonwood,dense,16.4,rm,,24,20,2.77,25,0.53,0.46,12.381566
10,cottonwood,dense,16.4,rm,,38,19,2.63,28,0.55,0.25,12.381566
10,cottonwood,dense,16.8,rm,,34,30,2.8,28,0.97,0.59,12.453053
10,cottonwood,dense,16.8,rm,,35,48,4.12,33,1.53,1.24,12.453053
10,cottonwood,dense,16.8,rm,,21,31,3.33,37,0.63,0.32,12.453053
10,cottonwood,dense,16.8,rm,,30,58,4.76,40,1.65,1.15,12.453053
10,cottonwood,dense,16.8,rm,,38,31,4.98,34,1.68,0.66,12.453053
10,cottonwood,dense,17.05,rm,,33,35,4,33,1.21,0.52,10.074212
10,cottonwood,dense,17.05,rm,,26,42,3.08,22,0.43,0.23,10.074212
10,cottonwood,dense,17.05,rm,,46,92,7.12,37,4.06,1.72,10.074212
10,cottonwood,dense,17.05,rm,,29,32,3.06,29,0.98,0.34,10.074212
10,cottonwood,dense,17.05,rm,,37,67,5.11,40,2.27,1.1,10.074212
10,cottonwood,dense,17.05,rm,,24,27,3.86,35,1.14,0.48,10.074212
10,cottonwood,dense,17.35,rm,,36,42,4.02,39,1.9,1.42,12.31669
10,cottonwood,dense,17.35,rm,,35,46,3.6,33,1.64,1.05,12.31669
10,cottonwood,dense,17.35,rm,,43,75,4.54,41,2.56,1.73,12.31669
10,cottonwood,dense,17.35,rm,,27,71,4.42,42,2.1,0.95,12.31669
10,cottonwood,dense,17.35,rm,,28,18,2.78,33,0.64,0.59,12.31669
10,cottonwood,dense,17.35,rm,,21,25,4.67,37,0.67,0.44,12.31669
10,cottonwood,dense,17.7,rm,,35,45,3.5,31,1.2,0.52,11.559541
10,cottonwood,dense,17.7,rm,,31,24,2.1,36,0.81,0.43,11.559541
10,cottonwood,dense,17.7,rm,,19,37,3,35,0.61,0.44,11.559541
10,cottonwood,dense,17.7,rm,,28,28,4,33,1.24,0.39,11.559541
10,cottonwood,dense,17.7,rm,,24,35,2.8,33,1.03,0.8,11.559541
9,tamarisk,sparse,16.15,br,,54,,4.6,24,1.72,0.43,14.130632
9,tamarisk,sparse,16.15,rm,,65,,8,53,10.66,4.34,14.130632
9,tamarisk,sparse,16.4,rm,,75,,5.3,29,3.01,1.33,7.102607
9,tamarisk,sparse,16.4,rm,,88,,12,68,19.6,8.29,7.102607
9,tamarisk,sparse,16.8,rm,,48,,10.5,61,17.18,6.51,5.706783
9,tamarisk,sparse,16.8,rm,,37,,15.3,54,13.09,5.66,5.706783
9,tamarisk,sparse,17.05,rm,,57,,10.2,55,13.08,4.05,5.920398
9,tamarisk,sparse,17.05,rm,,66,,12.3,60,18.82,8.1,5.920398
9,tamarisk,sparse,17.35,rm,,47,,2.5,25,2.37,1.04,1.579833
9,tamarisk,sparse,17.35,rm,,53,,10.8,51,8.84,3.22,1.579833
9,tamarisk,sparse,17.7,rm,,58,,11,55,11.87,5.24,5.180386
9,tamarisk,sparse,17.7,rm,,68,,10.4,47,13.49,5.89,5.180386
9,tamarisk,sparse,18,rm,,40,,10.2,46,13.94,4.35,6.032053
9,tamarisk,sparse,18,rm,,46,,14.1,50,19.95,6.14,6.032053
9,tamarisk,sparse,18.3,rm,,69,,9.9,58,26.6,7.8,6.012397
9,tamarisk,sparse,18.3,rm,,49,,7.8,45,13.19,3.21,6.012397
9,tamarisk,sparse,18.65,rm,,51,,9.9,60,21.89,6.17,3.354457
9,tamarisk,sparse,18.65,rm,,62,,9.3,36,7.77,3.55,3.354457
9,tamarisk,sparse,18.95,dl,114,79,,5.5,23,3.54,1.12,9.691659
9,tamarisk,sparse,18.95,rm,,54,,11.6,45,15.64,5.39,9.691659
9,tamarisk,sparse,19.3,rm,,59,,8.8,51,18.3,7.96,6.789078
9,tamarisk,sparse,19.3,rm,,51,,10.5,57,14.29,6.44,6.789078
9,tamarisk,sparse,19.55,rm,,93,,10.6,57.5,26.47,7.69,6.52851
9,tamarisk,sparse,19.55,rm,,86,,5,28,3.91,1.64,6.52851
9,tamarisk,sparse,19.85,rm,,69,,12,44,14.52,5.97,6.770184
9,tamarisk,sparse,19.85,rm,,69,,8.2,42,24.4,10.99,6.770184
9,tamarisk,sparse,20.15,rm,,67,,9.2,55,35.68,13.93,5.454823
9,tamarisk,sparse,20.15,rm,,51,,10.1,49,11.46,5.46,5.454823
9,tamarisk,sparse,20.45,rm,,88,,4.9,46,4.12,1.8,9.87862
9,tamarisk,sparse,20.45,rm,,60,,8.3,49,7.93,2.21,9.87862
9,tamarisk,sparse,20.75,rm,,74,,12.3,47,18.29,7.07,7.207653
9,tamarisk,sparse,20.75,rm,,53,,10.4,50,19.05,5.91,7.207653
9,tamarisk,sparse,21.15,rm,,85,,12.2,17,23.47,9.88,5.599015
9,tamarisk,sparse,21.15,rm,,38,,5.5,53.5,11.52,5.55,5.599015
9,tamarisk,sparse,21.4,rm,,60,,8.5,56,12.7,4.85,5.836411
9,tamarisk,sparse,21.4,rm,,58,,9.6,51,14.8,5.5,5.836411
9,tamarisk,sparse,21.7,rm,,57,,9.2,46,13.67,6.67,8.577618
9,tamarisk,sparse,21.7,rm,,67,,5.5,49,17.31,6.12,8.577618
9,tamarisk,sparse,22,rm,,66,,10.8,65.3,17.61,6.86,9.435054
9,tamarisk,sparse,22,rm,,40,,8.9,42,11.01,4.23,9.435054
9,tamarisk,sparse,16.15,br,,33,,4.5,27,1.2,0.59,14.130632
9,tamarisk,sparse,16.15,rm,,37,,5.6,34,3.29,1.28,14.130632
9,tamarisk,sparse,16.4,rm,,52,,6.5,38,6.08,1.89,7.102607
9,tamarisk,sparse,16.4,rm,,19,,5.3,37,1.27,0.43,7.102607
9,tamarisk,sparse,16.8,br,,23,,6.6,32,3.14,1.83,5.706783
9,tamarisk,sparse,17.05,rm,,44,,9.3,47,11.64,7.07,5.920398
9,tamarisk,sparse,17.05,rm,,55,,15.6,40,22.33,9.43,5.920398
9,tamarisk,sparse,17.35,rm,,31,,3.1,27,0.9,0.52,1.579833
9,tamarisk,sparse,17.7,rm,,47,,10.6,41,3.84,3.92,5.180386
9,tamarisk,sparse,18,rm,,22,,7,30,,,6.032053
9,tamarisk,sparse,18,rm,,13,,7.3,18,1.69,0.92,6.032053
9,tamarisk,sparse,18.3,rm,,48,,7.1,51,3.67,1.6,6.012397
9,tamarisk,sparse,18.3,rm,,41,,6.7,35,5.28,1.58,6.012397
9,tamarisk,sparse,18.65,rm,,29,,6.6,36,4.28,1.41,3.354457
9,tamarisk,sparse,18.65,rm,,41,,5.4,27,1.26,0.59,3.354457
9,tamarisk,sparse,18.95,rm,,69,,9.7,48,5.15,2.45,9.691659
9,tamarisk,sparse,18.95,rm,,9,,10.4,17,1.5,1.25,9.691659
9,tamarisk,sparse,19.3,br,,18,,7.1,32.5,2.03,0.71,6.789078
9,tamarisk,sparse,19.3,br,,15,,4.9,15,0.64,0.62,6.789078
9,tamarisk,sparse,19.55,rm,,37,,5.7,17,1.04,0.57,6.52851
9,tamarisk,sparse,19.55,rm,,75,,6.9,18,4.85,1.44,6.52851
9,tamarisk,sparse,20.15,rm,,31,,5.7,26,1.75,0.76,5.454823
9,tamarisk,sparse,20.45,rm,,68,,6.6,20,6.51,1.04,9.87862
9,tamarisk,sparse,20.45,rm,,19,,11.1,28,2.63,2.12,9.87862
9,tamarisk,sparse,20.75,rm,,23,,7.2,46,6.41,3.48,7.207653
9,tamarisk,sparse,20.75,rm,,37,,5.8,26,2.91,0.91,7.207653
9,tamarisk,sparse,21.15,br,,61,,5.3,46,1.92,0.88,5.599015
9,tamarisk,sparse,21.4,rm,,43,,10.7,55,10.68,6.4,5.836411
9,tamarisk,sparse,21.7,rm,,26,,7.8,40,4.31,2.9,8.577618
9,tamarisk,sparse,22,rm,,30,,4.1,40,3.23,2.33,9.435054
9,tamarisk,sparse,22,rm,,28,,2.3,19,0.7,0.31,9.435054
1,tamarisk,individual,20.35,dl,34,45,,10.2,25,7.76,2.17,13.86567
1,cottonwood,individual,17.13,dl,35,15,17,2.24,22,0.36,0.12,18.98706
1,cottonwood,individual,24.25,rm,97,34,17,5.48,21,1.54,0.78,16.8804
1,tamarisk,individual,13.61,dl,16,22,,4.25,34,2.28,0.82,15.7409
2,tamarisk,individual,21.1,dl,72,91,,10.8,47,62.26,38.02,17.7839
2,tamarisk,individual,16.25,dl,18,32,,7.01,43,7.17,1.81,12.1648
2,cottonwood,individual,13.7,dl,24,17.5,33,4.5,23.5,0.98,0.35,18.6503
2,cottonwood,individual,18.63,rm,70,61,75,6.3,50,4.82,2.4,18.4087
3,tamarisk,individual,20.42,rm,61,21,,7.7,38,4.26,2.14,15.3681
3,tamarisk,individual,15.95,rm,118,59,,10.15,48,28.55,9.23,20.498
3,cottonwood,individual,18.63,rm,84,23.5,112,4.8,42,3.01,1.45,18.441
3,cottonwood,individual,13.73,dl,67,70,142,7.86,55,10.91,5.8,15.87756
4,cottonwood,individual,13.7,dl,65,36,94,6.5,33,2.8,1.45,17.50335
4,tamarisk,individual,16.8,dl,108,71,,10.3,57,24.9,7.05,18.6689
4,cottonwood,individual,19.73,dl,48,21,11,2.2,15,0.28,0.19,13.26
4,tamarisk,individual,22.2,rm,195,48,,10.9,61,13.25,5.61,17.34
4,cottonwood,individual,24.44,dl,178,55,142,6.3,58,2.95,1.37,20.167
5,tamarisk,individual,13.8,dl,64,63,,10.2,54,19.63,8.04,14.9694
5,tamarisk,individual,16.65,dl,251,40,,12.9,64,27.55,4.31,18.81482
5,cottonwood,individual,19.7,dl,79,46,173,5.4,35,4.06,1.77,12.60834
5,tamarisk,individual,21.95,rm,243,56,,10.6,53,9.25,2.86,18.163
5,cottonwood,individual,24.65,rm,173,33,24,3.7,36,0.97,0.72,17.077
10,cottonwood,dense,16.15,dl,,40,37,2.6,35,,,
10,cottonwood,dense,16.15,dl,,25,49,3.42,43.5,,,
10,cottonwood,dense,16.15,dl,,39,36,5.25,38,,,
10,cottonwood,dense,16.15,dl,,27.5,41,3.82,36,,,
10,cottonwood,dense,16.15,dl,,22.5,31,2.84,40.5,,,
10,cottonwood,dense,16.15,dl,,31.5,49,4.32,45,,,
10,cottonwood,dense,16.15,dl,,33,54,3.9,38,,,
10,cottonwood,dense,16.15,dl,,28,38,3.6,34.5,,,
10,cottonwood,dense,16.15,dl,,32,22,1.72,18,,,
10,cottonwood,dense,16.15,dl,,24,40,3,26,,,
10,cottonwood,dense,16.15,dl,,24.5,16,4.2,10,,,
10,cottonwood,dense,16.15,dl,,18.5,20,2.36,6.5,,,
10,cottonwood,dense,16.4,dl,,33,27,3,31,,,
10,cottonwood,dense,16.4,dl,,26.5,13,2.6,25.5,,,
10,cottonwood,dense,16.4,dl,,27,11,2.72,22,,,
10,cottonwood,dense,16.4,dl,,31,48,3.06,37,,,
10,cottonwood,dense,16.4,dl,,32,9,2.28,14,,,
10,cottonwood,dense,16.4,dl,,29,23,3.3,21,,,
10,cottonwood,dense,16.4,rm,,21,16,2.75,26,,,
10,cottonwood,dense,16.4,dl,,14.5,0,2.02,8.5,,,
10,cottonwood,dense,16.4,dl,,14,0,1.38,23,,,
10,cottonwood,dense,16.4,rm,,25,15,3.14,22,,,
10,cottonwood,dense,16.4,rm,,26,22,4.26,29,,,
10,cottonwood,dense,16.4,rm,,18,3,2.4,25,,,
10,cottonwood,dense,16.8,dl,,27,72,2.5,30.5,,,
10,cottonwood,dense,16.8,dl,,8.5,12,2.5,18,,,
10,cottonwood,dense,16.8,dl,,11.5,0,2.22,12,,,
10,cottonwood,dense,16.8,rm,,21,27,4.3,36,,,
10,cottonwood,dense,16.8,dl,,23,0,2.96,21,,,
10,cottonwood,dense,16.8,dl,,17.5,8,2.27,18,,,
10,cottonwood,dense,16.8,dl,,18,4,1.8,14,,,
10,cottonwood,dense,16.8,rm,,28,18,2.73,26,,,
10,cottonwood,dense,16.8,rm,,29,19,2.1,24,,,
10,cottonwood,dense,16.8,rm,,24,10,2.78,31,,,
10,cottonwood,dense,16.8,rm,,26,25,2.2,31,,,
10,cottonwood,dense,17.05,rm,,18,33,2.7,27,,,
10,cottonwood,dense,17.05,rm,,29,52,5.58,36,,,
10,cottonwood,dense,17.05,rm,,15,18,3.4,31,,,
10,cottonwood,dense,17.05,rm,,33,4,3.1,13,,,
10,cottonwood,dense,17.05,rm,,36,36,3.5,33,,,
10,cottonwood,dense,17.05,dl,,18,0,2,10.5,,,
10,cottonwood,dense,17.05,rm,,28,41,3.5,35,,,
10,cottonwood,dense,17.05,rm,,17,22,2.54,29,,,
10,cottonwood,dense,17.05,rm,,14,14,1.3,12,,,
10,cottonwood,dense,17.35,rm,,23,27,2.7,40,,,
10,cottonwood,dense,17.35,rm,,16,34,3.26,30,,,
10,cottonwood,dense,17.35,rm,,16,15,2.8,28,,,
10,cottonwood,dense,17.35,rm,,42,77,4.6,35,,,
10,cottonwood,dense,17.35,rm,,28,8,2.6,33,,,
10,cottonwood,dense,17.35,rm,,28,6,2.3,18,,,
10,cottonwood,dense,17.35,rm,,23,10,3,25,,,
10,cottonwood,dense,17.35,rm,,29,56,4.91,33,,,
10,cottonwood,dense,17.35,rm,,42,33,6.2,32,,,
10,cottonwood,dense,17.35,rm,,24,34,3.3,25,,,
10,cottonwood,dense,17.35,rm,,21,26,3.03,28,,,
10,cottonwood,dense,17.35,rm,,10,0,2.4,7,,,
10,cottonwood,dense,17.35,rm,,24,0,3.3,19,,,
10,cottonwood,dense,17.35,rm,,15,11,2.3,24,,,
10,cottonwood,dense,17.7,rm,,25,14,3.5,30,,,
10,cottonwood,dense,17.7,rm,,24,21,2.1,22,,,
10,cottonwood,dense,17.7,rm,,27,60,4,51,,,
10,cottonwood,dense,17.7,rm,,18,1,2.2,8,,,
10,cottonwood,dense,17.7,rm,,21,42,2.1,34,,,
10,cottonwood,dense,17.7,rm,,11,7,1.9,11,,,
10,cottonwood,dense,17.7,rm,,18,37,3.3,25,,,
10,cottonwood,dense,17.7,rm,,17,4,3.1,18,,,
10,cottonwood,dense,18,dl,,24,23,2.12,26,,,
10,cottonwood,dense,18,dl,,23,14,2.38,22,,,
10,cottonwood,dense,18,dl,,39,74,6.48,30,,,
10,cottonwood,dense,18,dl,,33,19,4.84,21,,,
10,cottonwood,dense,18,dl,,29,27,3.16,23.5,,,
10,cottonwood,dense,18,dl,,22,23,2.66,30,,,
10,cottonwood,dense,18,dl,,35,30,4.67,50,,,
10,cottonwood,dense,18,dl,,26,16,4.12,31,,,
10,cottonwood,dense,18,dl,,14,,2.16,24,,,
10,cottonwood,dense,18,rm,,28,10,3.8,27,,,
10,cottonwood,dense,18,rm,,31,51,3.4,36,,,
10,cottonwood,dense,18,rm,,31,27,4.4,28,,,
10,cottonwood,dense,18,rm,,31,42,3,28,,,
10,cottonwood,dense,18,rm,,24,29,3.3,33,,,
10,cottonwood,dense,18,rm,,22,34,2,27,,,
10,cottonwood,dense,18,rm,,28,48,3.8,28,,,
10,cottonwood,dense,18,rm,,25,28,2.5,29,,,
10,cottonwood,dense,18.3,rm,,29,25,4.8,35,,,
10,cottonwood,dense,18.3,rm,,25,3,1.1,8,,,
10,cottonwood,dense,18.3,rm,,18,5,4,15,,,
10,cottonwood,dense,18.3,dl,,17,1,2,10,,,
10,cottonwood,dense,18.3,rm,,27,16,3.9,26,,,
10,cottonwood,dense,18.3,rm,,12,22,2,26,,,
10,cottonwood,dense,18.3,rm,,26,16,3,22,,,
10,cottonwood,dense,18.3,rm,,24,3,2.3,7.5,,,
10,cottonwood,dense,18.3,rm,,23,54,3.6,35,,,
10,cottonwood,dense,18.65,dl,,15,8,2.5,16,,,
10,cottonwood,dense,18.65,rm,,16,8,2.1,24,,,
10,cottonwood,dense,18.65,rm,,27,51,3.8,34,,,
10,cottonwood,dense,18.65,rm,,15.5,42,1.6,30,,,
10,cottonwood,dense,18.65,rm,,21,21,2.9,27,,,
10,cottonwood,dense,18.65,rm,,21,87,4.7,42,,,
10,cottonwood,dense,18.65,rm,,19,11,2.3,26,,,
10,cottonwood,dense,18.65,rm,,25,53,2.7,32,,,
10,cottonwood,dense,18.65,rm,,26,21,2.2,23,,,
10,cottonwood,dense,18.95,rm,,18,4,2.7,26,,,
10,cottonwood,dense,18.95,rm,,18,8,2.3,9.5,,,
10,cottonwood,dense,18.95,rm,,12.5,7,2.6,24,,,
10,cottonwood,dense,18.95,rm,,7,1,2.1,27,,,
10,cottonwood,dense,18.95,rm,,7.5,12,1.3,24,,,
10,cottonwood,dense,18.95,dl,,18,11,2.32,5,,,
10,cottonwood,dense,18.95,rm,,10,12,1.3,24,,,
10,cottonwood,dense,18.95,rm,,26,29,1.8,17,,,
10,cottonwood,dense,18.95,rm,,33,35,3.4,37,,,
10,cottonwood,dense,18.95,rm,,21,5,4.3,18,,,
